name,Total CDR Length,CDR Vic. PSH (Kyte & Doolittle),CDR Vic. PPC,CDR Vic. PNC,SFvCSP,patch_hyd,patch_hyd_1,patch_hyd_n,patch_hyd_%,patch_pos,patch_pos_1,patch_pos_n,patch_pos_%,patch_neg,patch_neg_1,patch_neg_n,patch_neg_%,patch_ion,patch_ion_1,patch_ion_n,patch_ion_%,patch_cdr_hyd,patch_cdr_hyd_1,patch_cdr_hyd_n,patch_cdr_pos,patch_cdr_pos_1,patch_cdr_pos_n,patch_cdr_neg,patch_cdr_neg_1,patch_cdr_neg_n,patch_cdr_ion,patch_cdr_ion_1,patch_cdr_ion_n,ens_dipole,pI_3D,asa_vdw,asa_hyd,asa_hph,app_charge,dipole_moment,hyd_moment,zdipole,zquadrupole,pI_seq
gantenerumab.VL  gantenerumab.VH,54,139.9306,0.5851,0.0769,10.2,360,100,4.4,4.30972258,654,110,11.4,7.82741226,336,80,5.8,4.02163072,990,110,17.2,11.849043,110,90,1.4,360,110,5.4,120,70,2,480,110,7.4,410.898778,9.26416016,10342.0692,5508.21398,4462.95158,2.14612602,564.277038,270.914064,2.58E-15,1.39254492,8.4116211
gantenerumab_R(H100G)F_R(L18)T.VL  gantenerumab_R(H100G)F_R(L18)T.VH,54,139.9306,0.5851,0.0769,10.2,486,144,5,5.87015972,506,112,9.2,6.11217606,326,90,5.4,3.93860106,832,112,14.6,10.05077696,236,144,2,290,112,5,118,70,2,408,112,7,413.13098,8.95947266,10298.9098,5608.71308,4336.24374,1.48507446,555.808336,240.060744,1.88E-15,0.78975898,7.4887695
gantenerumab_R(H100G)F_R(L24)T.VL  gantenerumab_R(H100G)F_R(L24)T.VH,54,139.9306,0.5851,0.0769,10.2,490,150,5,5.90837048,574,102,11,6.91948424,324,80,5.4,3.9062752,898,102,16.4,10.8257594,246,150,2,286,102,5,126,70,2,412,102,7,398.692146,8.93310546,10315.6088,5565.91008,4390.56456,1.45166646,546.486292,216.91611,1.30E-15,0.856807162,7.4887695
gantenerumab_R(H100G)F_R(L24)S.VL  gantenerumab_R(H100G)F_R(L24)S.VH,54,139.9306,0.5851,0.0769,10.2,498,150,5,5.99078598,590,104,11.6,7.09895822,324,78,5.6,3.89828544,914,104,17.2,10.9972437,248,150,2,264,104,4.6,122,70,2,386,104,6.6,394.637298,8.93896484,10342.1226,5558.97364,4432.6451,1.53056362,548.478564,216.5472,1.72E-15,0.971442222,7.4887695
gantenerumab_R(H100G)F_R(L45)V.VL  gantenerumab_R(H100G)F_R(L45)V.VH,54,139.9306,0.5851,0.0769,10.2,488,148,5,5.85406878,558,102,11.6,6.69317474,342,80,6,4.10279754,900,102,17.6,10.7959724,238,148,2,306,102,5.4,118,70,2,424,102,7.4,382.903142,8.95068358,10369.7204,5593.40608,4412.92034,1.52967352,527.385242,211.066002,2.23E-15,0.909708106,7.4887695
